Actual,Predicted
Minor,Minor
Minor,Minor
Minor,Major
Fatal,Fatal
Major,Major
Major,Minor
Major,Major
Major,Major
Major,Major
Fatal,Fatal
Minor,Major
Fatal,Fatal
Major,Major
Major,Major
Major,Minor
Major,Major
Minor,Minor
Major,Major
Minor,Minor
Fatal,Fatal
Minor,Minor
Major,Fatal
Fatal,Major
Major,Major
Fatal,Fatal
Minor,Major
Minor,Minor
Major,Major
Major,Major
Minor,Minor
Minor,Minor
Major,Major
Minor,Fatal
Major,Minor
Minor,Minor
Major,Major
Major,Fatal
Minor,Minor
Major,Minor
Minor,Minor
Minor,Minor
Minor,Minor
Minor,Minor
Fatal,Fatal
Minor,Minor
Major,Minor
Minor,Minor
Major,Minor
Minor,Major
Major,Major
Minor,Major
Minor,Minor
Minor,Major
Fatal,Fatal
Major,Major
Minor,Major
Minor,Minor
Major,Major
Major,Major
Minor,Minor
Minor,Minor
Minor,Minor
Minor,Minor
Major,Major
Minor,Minor
Minor,Minor
Major,Major
Minor,Minor
Minor,Major
Major,Major
Minor,Minor
Major,Major
Minor,Minor
Fatal,Fatal
Minor,Minor
Minor,Minor
Minor,Minor
Minor,Minor
Major,Major
Major,Fatal
Major,Minor
Minor,Minor
Major,Minor
Major,Major
Minor,Fatal
Minor,Minor
Minor,Minor
Minor,Minor
Fatal,Fatal
Major,Major
Minor,Minor
Major,Major
Minor,Minor
Minor,Major
Minor,Minor
Minor,Minor
Major,Minor
Major,Major
Minor,Minor
Major,Major
Fatal,Fatal
Minor,Minor
Major,Major
Minor,Minor
Minor,Minor
Major,Major
Major,Major
Minor,Minor
Major,Major
Minor,Minor
Minor,Minor
Major,Major
Major,Major
Major,Major
Fatal,Fatal
Major,Major
Minor,Major
Fatal,Fatal
Minor,Major
Fatal,Fatal
Minor,Major
Fatal,Fatal
Major,Major
Minor,Major
Fatal,Fatal
Major,Minor
Minor,Minor
Fatal,Fatal
Minor,Minor
Major,Minor
Minor,Minor
Fatal,Fatal
Major,Minor
Major,Major
Major,Major
Minor,Minor
Major,Major
Minor,Minor
Major,Major
Major,Minor
Minor,Minor
Major,Major
Major,Major
Minor,Minor
Major,Major
Minor,Minor
Minor,Minor
Minor,Major
Fatal,Fatal
Minor,Minor
Minor,Major
Fatal,Fatal
Minor,Minor
Minor,Major
Minor,Minor
Major,Major
Major,Minor
Minor,Minor
Major,Major
Minor,Minor
Major,Major
Minor,Major
Fatal,Fatal
Minor,Major
Major,Major
Major,Minor
Minor,Minor
Minor,Minor
Fatal,Fatal
Minor,Fatal
Minor,Minor
Major,Major
Major,Major
Minor,Major
Major,Fatal
Major,Major
Major,Major
Major,Major
Major,Minor
Minor,Fatal
Major,Major
Minor,Minor
Minor,Major
Major,Minor
Minor,Minor
Minor,Major
Major,Major
Minor,Minor
Major,Major
Major,Major
Minor,Minor
Major,Major
Minor,Minor
Major,Major
Minor,Minor
Fatal,Fatal
Minor,Minor
Minor,Minor
Major,Minor
Minor,Minor
Minor,Minor
Fatal,Fatal
Major,Major
Fatal,Fatal
Major,Major
Fatal,Fatal
Major,Major
Major,Minor
Major,Major
Major,Major
Minor,Major
Minor,Minor
Fatal,Fatal
Minor,Minor
Minor,Major
Major,Major
Major,Major
Major,Major
Major,Major
Minor,Minor
Minor,Minor
Fatal,Fatal
Minor,Major
Minor,Minor
Minor,Major
Minor,Minor
Minor,Minor
Minor,Minor
Major,Major
Minor,Minor
Minor,Minor
Major,Major
Minor,Minor
Minor,Minor
Fatal,Fatal
Minor,Minor
Major,Major
Major,Major
Minor,Minor
Major,Major
Minor,Minor
Minor,Minor
Major,Minor
Minor,Minor
Major,Major
Fatal,Major
Minor,Fatal
Minor,Major
Minor,Major
Minor,Minor
Minor,Minor
Major,Major
Minor,Minor
Minor,Minor
Minor,Minor
Minor,Minor
Minor,Minor
Major,Minor
Major,Major
Minor,Minor
Major,Minor
Minor,Minor
Minor,Minor
Major,Minor
Minor,Minor
Major,Major
Major,Fatal
Major,Major
Major,Major
Major,Major
Minor,Minor
Major,Major
Major,Minor
Major,Major
Major,Major
Fatal,Fatal
Minor,Minor
Fatal,Fatal
Major,Minor
Major,Major
Minor,Minor
Major,Major
Major,Major
Fatal,Fatal
Minor,Minor
Major,Minor
Major,Major
Fatal,Fatal
Minor,Minor
Major,Major
Minor,Major
Minor,Fatal
Minor,Minor
Minor,Major
Major,Fatal
Fatal,Fatal
Major,Major
Major,Major
Minor,Minor
Minor,Major
Major,Major
Minor,Major
Fatal,Major
Minor,Minor
Major,Major
Major,Major
Minor,Minor
Minor,Minor
Minor,Minor
Fatal,Fatal
Minor,Major
Major,Major
Minor,Minor
Minor,Minor
Major,Fatal
Minor,Major
Minor,Minor
Major,Major
Fatal,Fatal
Minor,Minor
Minor,Minor
Major,Major
Major,Major
Major,Minor
Minor,Minor
Minor,Minor
Fatal,Major
Major,Major
Minor,Minor
Major,Major
Fatal,Fatal
Major,Major
Minor,Minor
Major,Major
Minor,Minor
Major,Major
Minor,Minor
Major,Minor
Minor,Minor
Minor,Minor
Minor,Major
Major,Minor
Major,Major
Fatal,Major
Minor,Minor
Minor,Minor
Minor,Minor
Minor,Major
Minor,Major
Minor,Minor
Major,Major
Fatal,Fatal
Minor,Major
Minor,Major
Major,Major
Minor,Major
Major,Major
Major,Major
Minor,Major
Minor,Minor
Minor,Minor
Major,Minor
Minor,Major
Minor,Minor
Minor,Minor
Minor,Major
Fatal,Fatal
Fatal,Fatal
Minor,Major
Minor,Minor
Major,Minor
Major,Minor
Major,Fatal
Major,Major
Minor,Minor
Minor,Major
Minor,Major
Major,Minor
Major,Major
Minor,Minor
Major,Minor
Major,Minor
Minor,Minor
Major,Major
Minor,Minor
Major,Major
Minor,Minor
Major,Major
Minor,Minor
Major,Fatal
Minor,Major
Fatal,Fatal
Fatal,Fatal
Fatal,Fatal
Major,Major
Major,Major
Major,Major
Minor,Major
Minor,Major
Fatal,Fatal
Fatal,Fatal
Major,Major
Fatal,Fatal
Major,Major
Fatal,Fatal
Fatal,Fatal
Major,Major
Fatal,Fatal
Major,Major
Major,Major
Minor,Minor
Major,Minor
Minor,Major
Minor,Minor
Minor,Minor
Major,Minor
Major,Minor
Minor,Minor
Major,Major
Major,Minor
Major,Major
Major,Major
Minor,Major
Major,Major
Major,Major
Major,Major
Minor,Minor
Minor,Major
Major,Major
Minor,Major
Minor,Major
Minor,Major
Minor,Minor
Major,Major
Minor,Major
Fatal,Fatal
Minor,Minor
Major,Major
Minor,Minor
Minor,Major
Major,Major
Minor,Minor
Major,Major
Fatal,Fatal
Minor,Major
Major,Major
Minor,Major
Minor,Minor
Major,Major
Fatal,Fatal
Minor,Minor
Minor,Minor
Minor,Minor
Minor,Major
Major,Major
Minor,Minor
Fatal,Fatal
Major,Major
Major,Major
Minor,Minor
Major,Major
Major,Minor
Minor,Minor
Minor,Minor
Minor,Major
Major,Fatal
Minor,Major
Minor,Major
Minor,Minor
Minor,Minor
Major,Minor
Minor,Minor
Major,Major
Major,Major
Minor,Major
Major,Major
Fatal,Major
Major,Major
Minor,Minor
Fatal,Fatal
Minor,Minor
Major,Major
Fatal,Fatal
Minor,Minor
Minor,Minor
Minor,Minor
Minor,Minor
Minor,Minor
Minor,Minor
Minor,Minor
Major,Minor
Minor,Minor
Major,Fatal
Minor,Minor
Major,Minor
Minor,Major
Minor,Minor
Major,Fatal
Major,Fatal
Major,Major
Major,Major
Minor,Minor
Minor,Fatal
Major,Minor
Minor,Minor
Major,Major
Major,Minor
Major,Minor
Minor,Minor
Fatal,Fatal
Fatal,Fatal
Minor,Minor
Minor,Minor
Minor,Major
Minor,Minor
Major,Major
Fatal,Fatal
Major,Major
Major,Fatal
Major,Minor
Minor,Major
Minor,Minor
Minor,Major
Minor,Minor
Major,Minor
Fatal,Fatal
Fatal,Fatal
Minor,Minor
Minor,Minor
Major,Fatal
Major,Major
Minor,Minor
Minor,Minor
Major,Major
Minor,Minor
Major,Major
Minor,Major
Fatal,Fatal
Major,Major
Minor,Major
Major,Minor
Major,Fatal
Major,Minor
Minor,Minor
Minor,Minor
Minor,Minor
Fatal,Fatal
Minor,Minor
Minor,Minor
Major,Minor
Major,Major
Major,Major
Major,Major
Minor,Minor
Major,Major
Minor,Fatal
Major,Major
Minor,Major
Minor,Minor
Major,Major
Major,Major
Minor,Minor
Minor,Minor
Minor,Minor
Major,Major
Major,Major
Minor,Minor
Major,Minor
Minor,Minor
Minor,Minor
Minor,Minor
Minor,Minor
Minor,Minor
Major,Major
Major,Major
Major,Major
Fatal,Fatal
Fatal,Fatal
Minor,Major
Major,Major
Minor,Major
Major,Minor
Major,Minor
Major,Major
Minor,Minor
Minor,Major
Minor,Minor
Major,Major
Major,Major
Major,Major
Minor,Minor
Fatal,Fatal
Minor,Minor
Major,Minor
Minor,Major
Minor,Minor
Fatal,Fatal
Fatal,Fatal
Minor,Minor
Minor,Minor
Major,Major
Minor,Minor
Fatal,Fatal
Minor,Minor
Major,Minor
Major,Major
Minor,Fatal
Minor,Major
Fatal,Fatal
Fatal,Fatal
Minor,Major
Major,Major
Fatal,Major
Major,Major
Major,Major
Minor,Major
Minor,Major
Minor,Minor
Major,Major
Minor,Major
Minor,Minor
Minor,Minor
Minor,Minor
Major,Major
Minor,Major
Major,Minor
Major,Major
Major,Minor
Minor,Major
Major,Major
Minor,Minor
Minor,Major
Major,Minor
Major,Major
Fatal,Fatal
Minor,Minor
Minor,Minor
Major,Major
Minor,Minor
Minor,Major
Minor,Major
Minor,Major
Minor,Minor
Major,Major
Fatal,Fatal
Minor,Minor
Major,Major
Major,Minor
Minor,Minor
Minor,Minor
Fatal,Major
Minor,Minor
Major,Major
Major,Minor
Major,Minor
Minor,Minor
Fatal,Fatal
Major,Minor
Major,Major
Major,Minor
Minor,Minor
Minor,Minor
Major,Major
Minor,Minor
Major,Minor
Fatal,Fatal
Major,Major
Major,Major
Minor,Minor
Major,Major
Major,Major
Major,Major
Major,Major
Major,Major
Minor,Minor
Major,Major
Major,Major
Fatal,Fatal
Minor,Minor
Fatal,Fatal
Minor,Minor
Minor,Major
Major,Major
Major,Major
Fatal,Fatal
Minor,Minor
Fatal,Fatal
Major,Minor
Major,Minor
Minor,Minor
Major,Major
Major,Major
Fatal,Fatal
Minor,Minor
Major,Minor
Major,Major
Major,Major
Major,Minor
Fatal,Major
Minor,Minor
Minor,Minor
Minor,Major
Minor,Minor
Fatal,Fatal
Minor,Major
Minor,Fatal
Major,Minor
Major,Major
Major,Major
Minor,Minor
Major,Major
Major,Major
Minor,Minor
Major,Fatal
Major,Major
Major,Major
Major,Fatal
Minor,Minor
Fatal,Major
Major,Major
Major,Minor
Minor,Fatal
Major,Major
Minor,Minor
Minor,Major
Minor,Minor
Major,Major
Major,Major
Major,Minor
Major,Fatal
Major,Fatal
Major,Major
Minor,Major
Fatal,Fatal
Major,Major
Minor,Minor
Fatal,Fatal
Minor,Minor
Major,Major
Minor,Minor
Major,Major
Major,Major
Minor,Minor
Minor,Major
Major,Major
Major,Major
Minor,Minor
Minor,Minor
Major,Major
Minor,Minor
Minor,Minor
Major,Major
Minor,Minor
Minor,Major
Major,Major
Major,Minor
Minor,Minor
Fatal,Fatal
Fatal,Fatal
Major,Major
Major,Major
Minor,Minor
Minor,Minor
Minor,Minor
Major,Minor
Major,Major
Major,Major
Major,Major
Major,Major
Fatal,Major
Minor,Minor
Minor,Major
Major,Minor
Major,Major
Fatal,Fatal
Fatal,Fatal
Minor,Major
Minor,Major
Minor,Major
Major,Major
Major,Minor
Fatal,Fatal
Major,Fatal
Fatal,Fatal
Major,Major
Minor,Minor
Fatal,Fatal
Major,Major
Minor,Minor
Major,Fatal
Major,Major
Minor,Major
Minor,Major
Major,Major
Minor,Minor
Major,Major
Minor,Minor
Major,Minor
Major,Minor
Minor,Minor
Major,Major
Minor,Major
Minor,Minor
Minor,Fatal
Major,Major
Fatal,Fatal
Major,Major
Major,Major
Minor,Minor
Major,Major
Minor,Minor
Fatal,Fatal
Major,Major
Major,Fatal
Major,Minor
Major,Major
Fatal,Fatal
Minor,Major
Fatal,Fatal
Minor,Minor
Major,Major
Major,Major
Major,Major
Minor,Fatal
Fatal,Fatal
Fatal,Fatal
Major,Minor
Major,Major
Major,Major
Major,Minor
Major,Major
Fatal,Fatal
Major,Major
Major,Major
Major,Major
Minor,Minor
Minor,Minor
Minor,Minor
Minor,Minor
Minor,Minor
Minor,Major
Major,Fatal
Major,Major
Minor,Minor
Major,Major
Minor,Major
Fatal,Fatal
Minor,Minor
Fatal,Fatal
Minor,Minor
Minor,Minor
Major,Major
Minor,Minor
Minor,Major
Major,Minor
Minor,Major
Major,Major
Major,Major
Minor,Minor
Minor,Major
Minor,Minor
Major,Major
Fatal,Fatal
Minor,Major
Minor,Major
Minor,Minor
Fatal,Fatal
Minor,Minor
Major,Major
Minor,Minor
Major,Minor
Minor,Major
Minor,Minor
Minor,Minor
Major,Minor
Major,Minor
Major,Major
Minor,Major
Major,Fatal
Major,Major
Major,Major
Major,Major
Minor,Minor
Major,Minor
Major,Major
Minor,Fatal
Minor,Minor
Minor,Major
Major,Major
Major,Major
Minor,Minor
Minor,Minor
Major,Major
Fatal,Fatal
Minor,Major
Major,Major
Fatal,Fatal
Minor,Minor
Minor,Minor
Major,Major
Major,Major
Fatal,Fatal
Minor,Minor
Minor,Minor
Major,Major
Minor,Minor
Major,Major
Minor,Fatal
Minor,Minor
Minor,Major
Fatal,Fatal
Major,Major
Major,Major
Minor,Major
Major,Major
Minor,Minor
Major,Major
Fatal,Major
Major,Major
Major,Minor
Minor,Minor
Major,Major
Major,Major
Minor,Major
Major,Major
Fatal,Fatal
Minor,Major
Major,Major
Fatal,Fatal
Major,Minor
Minor,Major
Fatal,Fatal
Minor,Major
Major,Major
Fatal,Fatal
Major,Major
Fatal,Fatal
Minor,Minor
Minor,Minor
Minor,Minor
Major,Major
Minor,Minor
Minor,Major
Major,Major
Major,Major
Minor,Minor
Minor,Major
Fatal,Fatal
Minor,Major
Minor,Minor
Major,Minor
Major,Major
Major,Major
Major,Major
Major,Major
Minor,Major
Major,Minor
Minor,Major
Major,Major
Minor,Minor
Minor,Major
Minor,Minor
Minor,Major
Fatal,Fatal
Minor,Minor
Major,Minor
Minor,Minor
Major,Major
Major,Major
Major,Fatal
Major,Major
